Major clusters of Flaviviruses shared sequences identified in Flaiv-Human Shareome,,,,,
Protein ID,Protein lenght,Viral Species,Cluster Position^,Cluster of Hotspot,Cluster lenght
pdb|5Z0V|D,445,Zika virus,'5-263,MKIEEGKLVIWINGDKGYNGLAEVGKKFEKDTGIKVTVEHPDKLEEKFPQVAATGDGPDIIFWAHDRFGGYAQSGLLAEITPDKAFQDKLYPFTWDAVRYNGKLIAYPIAVEALSLIYNKDLLPNPPKTWEEIPALDKELKAKGKSALMFNLQEPYFTWPLIAADGGYAFKYENGKYDIKDVGVDNAGAKAGLTFLVDLIKNKHMNADTDYSIAEAAFNKGETAMTINGPWAWSNIDTSKVNYGVTVLPTFKGQPSKPFVGVLSAGI,267
AHK22794.1,3247,Hepacivirus C,'2426-2589,YGVQCFSRYPDHMKQHDFFKSAMPEGYVQERTIFFKDDGNYKTRAEVKFEGDTLVNRIELKGIDFKEDGNILGHKLEYNYNSHNVYIMADKQKNGIKVNFKIRHNIEDGSVQLADHYQQNTPIGDGPVLLPDNHYLSTQSALSKDPNEKRDHMVLLEFVTAAGITLGMDELY,172
AAD44037.1,318,Bovine viral diarrhea virus 2,202-257^,KESTLHLVLRLRGGMQIFVKTLTGKTITLEVEPSDTIENVKAKIQDKEGIPPDQQRLIFAGKQLEDGRTLSDYNIQKESTLHLVLRLRGGMQIFVKTLTGKTITLEVEPSDTIENVKAKIQDKEGIPPDQQRLIFAGKQLEDGRTLSDYNIQKESTLHLV,164
AAA53067.1,1054,Bovine viral diarrhea virus 1,337-488^,GGMQIFVKTLTGKTITLEVEPSDTIENVKAKIQDKEGIPPDQQRLIFAGKQLEDGRTLSDYNIQKESTLHLVLRLRGGMQIFVKTLTGKTITLEVEPSDTIENVKAKIQDKEGIPPDQQRLIFAGKQLEDGRTLSDYNIQKESTLHLVLRLRGG,160
AAD44042.1,432,Bovine viral diarrhea virus 2,226-371^,RKKEGEKIRKKYPDRVPVIVEKAPKARVPDLDKRKYLVPSDLTVGQFYFLIRKRIHLRPEDALFFFVNNTIPPTSATMGQLYEDNHEEDYFLYVAYSDES,154
AAD44046.1,395,Bovine viral diarrhea virus 2,219-334^,EAMNTMMCSRCQGKHRRFEMDREPKSARYCAECNRLHPAEEGDFWAESSMLGLKITYFALMDGKVYDITEWAGCQRVGISPDTHRVP,124
AAA42855.1,1896,Bovine viral diarrhea virus 1,948-1061^,AASPNKELAKEFLENYLLTDEGLEAVNKDKPLGAVALKSYEEELAKDPRIAATMENAQKGEIMPNIPQMSAFWYAVRTAVINAASGRQTVDEALKDAQ,122
AAD44045.1,357,Bovine viral diarrhea virus 2,186-296^,KIQDKEGIPPDQQRLIFAGKQLEDGRTLSDYNIQKESTLHLVLRLRGGMQIFVKTLTGKTITLEVEPSDTIENVKAKIQDKEGIPPDQQRLIFAGKQLEDGRTLSDYNIQKESTLHLVLRLRGG,119
AAD44039.1,228,Bovine viral diarrhea virus 2,63-167^,RGGMQIFVKTLTGKTITLEVEPSDTIENVKAKIQDKEGIPPDQQRLIFAGKQLEDGRTLSDYNIQKESTLHLVLRLRGGG,113
AAD44037.1,318,Bovine viral diarrhea virus 2,'155-253,QDKEGIPPDQQRLIFAGKQLEDGRTLSDYNIQKESTLHLVLRLRGGMQIFVKTLTGKTITLEVEPSDTIENVKAKIQDKEGIPPDQQRLIFAGKQLEDGRTLSDYNIQKESTLHLVLRLRGG,107
AAM77033.1,239,Bovine viral diarrhea virus 1,'84-175,EAMNTMMCSRCQGKHRRFEMDREPKSARYCAECNRLHPAEEGDFWAESSMLGLKITYFALMDGKVYDITEWAGCQRVGISPDTHRVPYHISFGS,100
AAG13367.1,636,Bovine viral diarrhea virus 2,313-411,GIPPDQQRLIFAGKQLEDGRTLSDYNIQKESTLHLVLRLRGGMQIFVKTLTGKTITLEVEPSDTIENVKAKIQDKEGIPPDQQRLILAGKQLEDGRTLS,99
pdb|5Z0V|D,445,Zika virus,'273-362,EAMNTMMCSRCQGKHRRFEMDREPKSARYCAECNRLHPAEEGDFWAESSMLGLKITYFALMDGKVYDITEWAGCQRVGISPDTHRVPYHISFGSR,98
BAW33238.1,4261,Bovine viral diarrhea virus 1,'203-289,EAMNTMMCSRCQGKHRRFEMDREPKSARYCAECNRLHPAEEGDFWAESSMLGLKITYFALMDGKVYDITEWAGCQRVGISPDTHRVPYHISFGSR,95
BAC55962.1,4197,Bovine viral diarrhea virus 1,'203-289,EAMNTMMCSRCQGKHRRFEMDREPKSARYCAECNRLHPAEEGDFWAESSMLGLKITYFALMDGKVYDITEWAGCQRVGISPDTHRVPYHISFGS,95
BAD04933.2,2832,Bovine viral diarrhea virus 799c,'203-288,EAMNTMMCSRCQGKHRRFEMDREPKSARYCAECNRLHPAEEGDFWAESSMLGLKITYFALMDGKVYDITEWAGCQRVGISPDTHRVPYHISFGS,94
AAO86641.1,756,Bovine viral diarrhea virus 1,'284-370,QQRLIFAGKQLEDGRTLSDYNIQKESTLHLVLRLRGGMQIFVKTLTGKTITLEVEPSDTIENVKAKIQDKEGIPPDQQRLIFAGKQLEDGRTLSDYNIQKESTLHLVLRLRGG,94
BAC55963.1,4197,Bovine viral diarrhea virus 1,'203-289,EGIPPDQQRLIFAGKQLEDGRTLSDYNIQKESTLHLVLRLRGGMQIFVKTLTGKTITLEVEPSDTIENVKAKIQDKEGIPPDQQRLIFAGKQLEDGRTLSGYNIQKESTLHLVLRLRGG,94
AAD44043.1,216,Bovine viral diarrhea virus 2,71-155^,MADEKPKEGVKTENNDHINLKVAGQDGSVVQFKIKRHTPLSKLMKAYCERQGLSMRQIRFRFDGQPINETDTPAQLEMEDEDTIDVFQQQTG,93
AAD44038.1,177,Bovine viral diarrhea virus 2,32-116^,KTFKQRRTFEQRVEDVRLIREQHPTKIPVIIERYKGEKQLPVLDKTKFLVPDHVNMSELIKIIRRRLQLNANQAFFLLVNGH,93
AAD44036.1,344,Bovine viral diarrhea virus 2,199-283^,EAMNTMMCSRCQGKHRRFEMDREPKSARYCAECNRLHPAEEGDFWAESSMLGLKITYFALMDGKVYDITEWAGCQRVGISPDTHRVPYHI,93
AAB92355.1,239,Bovine viral diarrhea virus 1,'61-144,EAMNTMMCSRCQGKHRRFEMDREPKSARYCAECNRLHPAEEGDFWAESSMLGLKITYFALMDGKVYDITEWAGCQRVGISPDTHRVPYHI,92
AZQ00653.1,4000,Bovine viral diarrhea virus 2,'1536-1617,EAMNTMMCSRCQGKHRRFEMDREPKSARYCAECNRLHPAEEGDFWAESSMLGLKITYFALMDGKVYDITEWAGCQRVGISPDTHRVP,90
AAG13372.1,283,Bovine viral diarrhea virus 2,'74-155,SRCQGKHRRFEMDREPKSARYCAECNRLHPAEEGDFWAESSMLGLKITYFALMDGKVYDITEWAGCQRVGISPDTHRVPYHISFGSR,90
BAD04938.1,2420,Bovine viral diarrhea virus T-20,1455-1525^,EAMNTMMCSRCQGKHRRFEMDREPKSARYCAECNRLHPAEEGDFWAESSMLGLKITYFALMDGKVYDITEWAGCQRVGISPDTHRVP,89
BAW33237.1,4261,Bovine viral diarrhea virus 1,'211-289,EAMNTMMCSRCQGKHRRFEMDREPKSARYCAECNRLHPAEEGDFWAESSMLGLKITYFALMDGKVYDITEWAGCQRVGISPDTHRVP,87
AZP57162.1,4017,Bovine viral diarrhea virus 2,'1529-1607,EAMNTMMCSRCQGKHRRFEMDREPKSARYCAECNRLHPAEEGDFWAESSMLGLKITYFALMDGKVYDITEWAGCQRVGISPDTHRVP,87
AAG13364.1,334,Bovine viral diarrhea virus 2,'20-98,NIQKESTLHLVLRLRGGMQIFVKTLTGKTITLEVEPSDTIENVKAKIQDKEGIPPDQQRLIFAGKQLEDGRTLSDYNIQKESTLHLVLRLRGG,87
CAA91136.1,239,Bovine viral diarrhea virus 1,'26-101,NIQKESTLHLVLRLRGGMQIFVKTLTGKTITLEVEPSDTIENVKAKIQDKEGIPPDQQRLIFAGKQLEDGRTLSDYNIQKESTLHLVLRLRGG,84
ANW09737.1,4001,Bovine viral diarrhea virus 3,'1541-1615,NIQKESTLHLVLRLRGGMQIFVKTLTGKTITLEVEPSDTIENVKAKIQDKEGIPPDQQRLIFAGKQLEDGRTLSDYNIQKESTLHLVLRLRGG,83
ANW09737.1,4001,Bovine viral diarrhea virus 3,'1541-1615,ESTLHLVLRLRGGMQIFVKTLTGKTITLEVEPSDTIENVKAKIQDKEGIPPDQQRLIFAGKQLEDGRTLSDYNIQKESTLHLVLRLRGG,83
ANW09737.1,4001,Bovine viral diarrhea virus 3,'1541-1615,MNTMMCSRCQGKHRRFEMDREPKSARYCAECNRLHPAEEGDFWAESSMLGLKITYFALMDGKVYDITEWAGCQRVGISPDTHRV,83
AID49629.1,4001,Bovine viral diarrhea virus 3,'1541-1615,TMMCSRCQGKHRRFEMDREPKSARYCAECNRLHPAEEGDFWAESSMLGLKITYFALMDGKVYDITEWAGCQRVGISPDTHRVP,83
AFL65619.1,4001,Bovine viral diarrhea virus 3,'1541-1615,TMMCSRCQGKHRRFEMDREPKSARYCAECNRLHPAEEGDFWAESSMLGLKITYFALMDGKVYDITEWAGCQRVGISPDTHRVP,83
AAB72082.1,932,Bovine viral diarrhea virus 1,'604-686,TMMCSRCQGKHRRFEMDREPKSARYCAECNRLHPAEEGDFWAESSMLGLKITYFALMDGKVYDITEWAGCQRVGISPDTHRVP,82
BAD04937.1,3020,Bovine viral diarrhea virus 190cp,'1945-2017,TMMCSRCQGKHRRFEMDREPKSARYCAECNRLHPAEEGDFWAESSMLGLKITYFALMDGKVYDITEWAGCQRVGISPDTHRVP,81
AIE38086.1,2811,Bovine viral diarrhea virus 1-NADL,'405-477,TMMCSRCQGKHRRFEMDREPKSARYCAECNRLHPAEEGDFWAESSMLGLKITYFALMDGKVYDITEWAGCQRVGISPDTHRVP,81
AIE38085.1,2811,Bovine viral diarrhea virus 1-NADL,'405-477,MCSRCQGKHRRFEMDREPKSARYCAECNRLHPAEEGDFWAESSMLGLKITYFALMDGKVYDITEWAGCQRVGISPDTHRV,81
AIE38082.1,2811,Bovine viral diarrhea virus 1-NADL,'405-477,RLRGGMQIFVKTLTGKTITLEVEPSDTIENVKAKIQDKEGIPPDQQRLIFAGKQLEDGRTLSDYNIQKESTLHLVLRLRGG,81
AIE38081.1,2811,Bovine viral diarrhea virus 1-NADL,'405-477,MCSRCQGKHRRFEMDREPKSARYCAECNRLHPAEEGDFWAESSMLGLKITYFALMDGKVYDITEWAGCQRVGISPDTHRV,81
AIE38080.1,2811,Bovine viral diarrhea virus 1-NADL,'405-477,MCSRCQGKHRRFEMDREPKSARYCAECNRLHPAEEGDFWAESSMLGLKITYFALMDGKVYDITEWAGCQRVGISPDTHRVP,81
AIE38078.1,2811,Bovine viral diarrhea virus 1-NADL,'405-477,MCSRCQGKHRRFEMDREPKSARYCAECNRLHPAEEGDFWAESSMLGLKITYFALMDGKVYDITEWAGCQRVGISPDTHRVP,81
P19711.2,3988,Bovine viral diarrhea virus 1-NADL,'1541-1613,MCSRCQGKHRRFEMDREPKSARYCAECNRLHPAEEGDFWAESSMLGLKITYFALMDGKVYDITEWAGCQRVGISPDTHRVP,81
AIE38084.1,2811,Bovine viral diarrhea virus 1-NADL,'405-477,MCSRCQGKHRRFEMDREPKSARYCAECNRLHPAEEGDFWAESSMLGLKITYFALMDGKVYDITEWAGCQRVGISPDTHRVP,81
AIE38077.1,2811,Bovine viral diarrhea virus 1-NADL,'405-477,MCSRCQGKHRRFEMDREPKSARYCAECNRLHPAEEGDFWAESSMLGLKITYFALMDGKVYDITEWAGCQRVGISPDTHRVP,81
AAF82566.1,4040,Bovine viral diarrhea virus 1,'1593-1665,MCSRCQGKHRRFEMDREPKSARYCAECNRLHPAEEGDFWAESSMLGLKITYFALMDGKVYDITEWAGCQRVGISPDTHRVP,81
AAD44040.1,309,Bovine viral diarrhea virus 2,'178-229,MCSRCQGKHRRFEMDREPKSARYCAECNRLHPAEEGDFWAESSMLGLKITYFALMDGKVYDITEWAGCQRVGISPDTHRVP,80
CAB91846.1,3988,Bovine viral diarrhea virus 1,'1531-1612,RCQGKHRRFEMDREPKSARYCAECNRLHPAEEGDFWAESSMLGLKITYFALMDGKVYDITEWAGCQRVGISPDTHRVPYH,80
AIE38087.1,2911,Bovine viral diarrhea virus 1-NADL,'405-476,MCSRCQGKHRRFEMDREPKSARYCAECNRLHPAEEGDFWAESSMLGLKITYFALMDGKVYDITEWAGCQRVGISPDTHRVP,80
NP_620053.1,3989,Pestivirus giraffe-1 H138,'1540-1611,MCSRCQGKHRRFEMDREPKSARYCAECNRLHPAEEGDFWAESSMLGLKITYFALMDGKVYDITEWAGCQRVGISPDTHRVP,80
AAD44040.1,309,Bovine viral diarrhea virus 2,'178-229,MCSRCQGKHRRFEMDREPKSARYCAECNRLHPAEEGDFWAESSMLGLKITYFALMDGKVYDITEWAGCQRVGISPDTHRVP,80
AAF73908.1,218,Bovine viral diarrhea virus-1 strain CP821,'90-158,RGGMQIFVKTLTGKTITLEVEPSDTIENVKAKIQDKEGIPPDQQRLIFAGKQLEDGRTLSDYNIQKESTLHLVLRLRGGG,77
AAA02769.1,3975,Bovine viral diarrhea virus,'1594-1661,MLIKVKTLTGKEIEIDIEPTDKVERIKERVEEKEGIPPQQQRLIYSGKQMNDEKTAADYKILGGSVLHLVLALRGGG,76
AAG13370.1,250,Bovine viral diarrhea virus 2,'86-150,KMQIFVKTLTGRTITLEVEPSDTIENVKAKIQDKEGIPPDQQRLIFAGKQLEDGRSLSDYNIQKESTLHLVLRLRG,73
AAD44044.1,261,Bovine viral diarrhea virus 2,'137-202,NTMMCSRCQGKHRRFEMDREPKSARYCAECNRLHPAEEGDFWAESSMLGLKITYFALMDGKVYDITEWAGCQR,73
AAO86641.1,756,Bovine viral diarrhea virus 1,'429-492,VKTLTGKTITLEVEPSDTIENVKAKIQDKEGIPPDQQRLIFAGKQLEDGRTLSDYNIQKESTLHLVLRLRGGG,73
BAD04935.2,2913,Bovine viral diarrhea virus 839cp,'226-289,MCSRCQGKHRRFEMDREPKSARYCAECNRLHPAEEGDFWAESSMLGLKITYFALMDGKVYDITEWAGCQRV,72
AIE38083.1,2811,Bovine viral diarrhea virus 1-NADL,'405-467,PKSARYCAECNRLHPAEEGDFWAESSMLGLKITYFALMDGKVYDITEWAGCQRVGISPDTHRVPYHISFGSR,71
AAG13365.1,411,Bovine viral diarrhea virus 2,'85-163,STLHLVLRLRGGMQIFVKTLTGKTITLEVEPSDTIENVKAKIQDKEGIPPDQRRLIFAGKQLEDGRTLSDYNIQKESTLHLVLRLRGGMQIFVKTLTGKTITLEVEPSDTIENVKAKIQDKEGIPPDQQRLIFAGKQLEDGRTLSDYNIQKESTLHLVLRLRGG,67
AAG13365.1,411,Bovine viral diarrhea virus 2,'85-163,DREPKSARYCAECNRLHPAEEGDFWAESSMLGLKITYFALMDGKVYDITEWAGCQRVGISPDTHRVP,67
AZQ00651.1,4028,Bovine viral diarrhea virus 2,'1556-1614,DREPKSARYCAECNRLHPAEEGDFWAESSMLGLKITYFALMDGKVYDITEWAGCQRVGISPDTHRVP,67
AZP57164.1,4004,Bovine viral diarrhea virus 2,'1538-1596,DREPKSARYCAECNRLHPAEEGDFWAESSMLGLKITYFALMDGKVYDITEWAGCQRVGISPDTHRVP,67
AZP57160.1,4019,Bovine viral diarrhea virus 2,'1565-1623,DREPKSARYCAECNRLHPAEEGDFWAESSMLGLKITYFALMDGKVYDITEWAGCQRVGISPDTHRVP,67
AAA82986.1,381,Bovine viral diarrhea virus 1,'101-159,VSKGEELFTGVVPILVELDGDVNGHKFSVSGEGEGDATYGKLTLKFICTTGKLPVPWPTLVTTLT,67
AHK22794.1,3247,Hepacivirus C,'2361-2417,AASKPNSTVPKGEAKPKRRKKLAELKQECLARGLETKGIKQDLINRLQAYLEEHAEEEANEEDVLGDETEEEE,65
AAB19180.1,309,Border disease virus,'118-177,ECNRLHPAEEGDFWAESSMLGLKITYFALMDGKVYDITEWAGCQRVGISPDTHRVPYHISFGSR,64
AAG13368.1,371,Bovine viral diarrhea virus 2,'86-138,TMMCSRCQGKHRRFEMDREPKSARYCAECNRLHPAEEGDFWAESSMLGLKITYFALMDGKV,61
CAG70345.1,2903,Bovine viral diarrhea virus 1,'456-500,MCSRCQGKHRRFEMDREPKSARYCAECNRLHPAEEGDFWAESSMLGLKITYFALMDGKVYD,61
CAJ78440.1,556,Bovine viral diarrhea virus 1,'269-319,EPSDTIENVKAKIQDKEGIPPDQQRLIFAGKQLEDGRTLSDYNIQKESTLHLVLRLRGG,59
CAJ78439.1,580,Bovine viral diarrhea virus 1,'293-343,EPSDTIENVKAKIQDKEGIPPDQQRLIFAGKQLEDGRTLSDYNIQKESTLHLVLRLRGG,59
CAJ78438.1,629,Bovine viral diarrhea virus 1,'342-392,EPSDTIENVKAKIQDKEGIPPDQQRLIFAGKQLEDGRTLSDYNIQKESTLHLVLRLRGG,59
CAJ78437.1,607,Bovine viral diarrhea virus 1,'320--400,EPSDTIENVKAKIQDKEGIPPDQQRLIFAGKQLEDGRTLSDYNIQKESTLHLVLRLRGG,59
CAJ78435.1,630,Bovine viral diarrhea virus 1,'343-393,EPSDTIENVKAKIQDKEGIPPDQQRLIFAGKQLEDGRTLSDYNIQKESTLHLVLRLRGG,59
AAK69183.1,357,Bovine viral diarrhea virus 1,'112-162,EPSDTIENVKAKIQDKEGIPPDQQRLIFAGKQLEDGRTLSDYNIQKESTLHLVLRLRGG,59
AAK69182.1,365,Bovine viral diarrhea virus 1,'120-170,EPSDTIENVKAKIQDKEGIPPDQQRLIFAGKQLEDGRTLSDYNIQKESTLHLVLRLRGG,59
AAK69181.1,566,Bovine viral diarrhea virus 1,'321-371,EPSDTIENVKAKIQDKEGIPPDQQRLIFAGKQLEDGRTLSDYNIQKESTLHLVLRLRGG,59
AAK69180.1,563,Bovine viral diarrhea virus 1,'318-368,EPSDTIENVKAKIQDKEGIPPDQQRLIFAGKQLEDGRTLSDYNIQKESTLHLVLRLRGG,59
AAK69179.1,615,Bovine viral diarrhea virus 1,'370-420,EPSDTIENVKAKIQDKEGIPPDQQRLIFAGKQLEDGRTLSDYNIQKESTLHLVLRLRGG,59
AAK69175.1,991,Bovine viral diarrhea virus 1,'183-233,EPSDTIENVKAKIQDKEGIPPDQQRLIFAGKQLEDGRTLSDYNIQKESTLHLVLRLRGG,59
AAC77906.1,1019,Bovine viral diarrhea virus strain Rit 4350,'205-255,EPSDTIENVKAKIQDKEGIPPDQQRLIFAGKQLEDGRTLSDYNIQKESTLHLVLRLRGG,59
CAJ78436.1,621,Bovine viral diarrhea virus 1,'335-384,PSDTIENVKAKIQDKEGIPPDQQRLIFAGKQLEDGRTLSDYNIQKESTLHLVLRLRGG,58
AZQ00648.1,4019,Bovine viral diarrhea virus 2,'1545-1623,MQIFVKTLTGKTITLEVEPSDTIENVKAKIQDKEGIPPDQQRLIFAGKQLE,57
CAA91137.1,237,Bovine viral diarrhea virus 1,'63-106,RLHPAEEGDFWAESSMLGLKITYFALMDGKVYDITEWAGCQRVGISPDTHRV,52
AAB58571.1,4983,Bovine viral diarrhea virus 1,'2599-2641,EAMNTMMCSRCQGKHRRFEMDREPKSARYCAECNRLHPAEEGDFWAESSM,51
AAG13373.1,409,Bovine viral diarrhea virus 2,'129-170,RLHPAEEGDFWAESSMLGLKITYFALMDGKVYDITEWAGCQRVGISPDT,50
AAB19179.1,291,Border disease virus,'100-140,GLKITYFALMDGKVYDITEWAGCQRVGISPDTHRVPYHISFGSR,49
AAG13367.1,,Bovine viral diarrhea virus 2,425-468,LRLRGGMQIFVKTLTGKTITLEVEPSDTIENVKAKIQDKEGIPP,44
AAG13371.1,417,Bovine viral diarrhea virus 2,'133-168,IGRVTALDASRRPSPPLRIRGSEPDSLSIGRGQRRPSPVPSER,44
AAG13373.1,409,Bovine viral diarrhea virus 2,'180-215,EAMNTMMCSRCQGKHRRFEMDREPKSARYCAECNRLHPAEEGD,44
QCC89293.1,3410,Iguape virus,'43-77,WAESSMLGLKITYFALMDGKVYDITEWAGCQRVGISPDTHRVP,43
BAQ08203.1,4020,Bovine viral diarrhea virus 2,'1537-1571,EAMNTMMCSRCQGKHRRFEMDREPKSARYCAECNRLHPAEEGD,43
AZQ00657.1,4019,Bovine viral diarrhea virus 2,'1589-1623,GLKITYFALMDGKVYDITEWAGCQRVGISPDTHRVPYHISFGSR,43
AZQ00657.1,4019,Bovine viral diarrhea virus 2,'1545-1579,KEGIPPDQQRLIFAGKQLEDGRTLSDYNIQKEST,43
QCC89294.1,3405,Iguape virus,'43-76,IGRVTALDASRRPSPPLRIRGSEPDSLSIGRGQRRPSPVPSE,42
BAQ08203.1,4020,Bovine viral diarrhea virus 2,'1581-1613,WAESSMLGLKITYFALMDGKVYDITEWAGCQRVGISPDTHR,41
AHM88397.1,3991,Border disease virus,'1569-1600,AEEGDFWAESSMLGLKITYFALMDGKVYDITEWAGCQRVG,40
CAB69580.1,426,GB virus C,'5-34,RLIFAGKQLEDGRTLSDYNIQKESTLHLVLRLRGGMQIFVKTLTGKTITLEVEPSDTIENVKAKIQDKEGIPPDQQRLIFAGKQLEDGRTLSDYNIQKESTLHLVLR,38
CAB69578.1,223,GB virus C,'5-34,EDDDDKAGWSHPQFEKGGGSGGGSGGGSWSHPQFE,38
pdb|3UAJ|A,433,Dengue virus 4,'402-429,EDDDDKAGWSHPQFEKGGGSGGGSGGGSWSHPQFEK,36
AAG13369.1,419,Bovine viral diarrhea virus 2,'140-167,GLKITYFALMDGKVYDITEWAGCQRVGISPDTHRVP,36
pdb|3UZE|D,139,Dengue virus 3,'108-134,EDDDDKAGWSHPQFEKGGGSGGGSGGGSWSHPQFE,35
pdb|6EPK|D,427,Yellow fever virus,'396-422,EDDDDKAGWSHPQFEKGGGSGGGSGGGSWSHPQFE,35
pdb|5LCV|B,447,Zika virus,'416-442,EDDDDKAGWSHPQFEKGGGSGGGSGGGSWSHPQFE,35
pdb|3UC0|B,165,Dengue virus 4,'134-160,MNTMMCSRCQGKHRRFEMDREPKSARYCAECNRLH,35
AHM88397.1,3991,Border disease virus,'1533-1559,MGVHECPAWLWLLLSLLSLPLGLPVLGDYKDDDDKAAA,35
SOF02001.1,4039,Bovine viral diarrhea virus 1,'1615-1716,EAMNTMMCSRCQGKHRRFEMDREPKSARYCAEC,34
CAA91137.1,237,Bovine viral diarrhea virus 1,'29-53,MSYYHHHHHHDYDIPTTENLYFQGAMDPEFMST,33
CAJ33628.1,235,Hepacivirus C,'5-29,MGVHECPAWLWLLLSLLSLPLGLPVLGDYKDDDDKAAA,33
CAJ33626.1,249,Hepacivirus C,'5-29,EMDREPKSARYCAECNRLHPAEEGDFWAESSM,33
AAG13371.1,417,Bovine viral diarrhea virus 2,'100-123,EMDREPKSARYCAECNRLHPAEEGDFWAESSM,32
AAG13369.1,419,Bovine viral diarrhea virus 2,'107-130,MSYYHHHHHHDYDIPTTENLYFQGAMDP,32
AAB19180.1,309,Border disease virus,'91-108,MSYYHHHHHHDYDIPTTENLYFQGAMDP,30
pdb|5N09|B,430,Dengue virus 2,'404-424,MSYYHHHHHHDYDIPTTENLYFQGAMDPEFMST,29
AAO86641.1,756,Bovine viral diarrhea virus 1,'284-404,EAMNTMMCSRCQGKHRRFEMDREPKSARYC,29
AAG13371.1,417,Bovine viral diarrhea virus 2,'182-202,GSSAWSHPQFEKGGSGGGSGGSAWSHPQ,29
AAG13369.1,419,Bovine viral diarrhea virus 2,'189-209,GSSAWSHPQFEKGGSGGGSGGSAWSHPQF,29
AAB58571.1,4983,Bovine viral diarrhea virus 1,'2650-2670,ENGKISRLRRECPSDECGAGVFMASHF,29
CAJ33632.1,251,Hepacivirus C,'5-24,GRQRATPDAPPADLQDFLSRIFQVPPGQM,28
CAJ33630.1,505,Hepacivirus C,'5-24,GRQRATPDAPPADLQDFLSRIFQVPPGQM,28
pdb|5N0A|B,430,Dengue virus 2,'404-423,GRQRATPDAPPADLQDFLSRIFQVPPGQM,28
SOF02001.1,4039,Bovine viral diarrhea virus 1,'1650-1669,KQLEDGRTLSDYNIQKESTLHLVLRLRGG,28
AAB19179.1,291,Border disease virus,'71-90,HLVLRLRGGMQIFVKTLTGKTITLEVEP,28
CAJ78435.1,630,Bovine viral diarrhea virus 1,'302-320,MMCSRCQGKHRRFEMDREPKSARYCAEC,27
CAJ78440.1,556,Bovine viral diarrhea virus 1,'228-246,ENGKISRLRRECPSDECGAGVFMASHF,27
CAJ78438.1,629,Bovine viral diarrhea virus 1,'301-319,ENGKISRLRRECPSDECGAGVFMASHF,27
CAJ78437.1,607,Bovine viral diarrhea virus 1,'279-297,ENGKISRLRRECPSDECGAGVFMASHF,27
CAJ78436.1,621,Bovine viral diarrhea virus 1,'301-311,ENGKISRLRRECPSDECGAGVFMASHF,27
AAK69182.1,365,Bovine viral diarrhea virus 1,'79-97,ENGKISRLRRECPSDECGAGVFMASHF,27
AAK69181.1,566,Bovine viral diarrhea virus 1,'280-298,ENGKISRLRRECPSDECGAGVFMASHF,27
AAK69180.1,563,Bovine viral diarrhea virus 1,'277-295,ENGKISRLRRECPSDECGAGVFMASHF,27
AAK69179.1,615,Bovine viral diarrhea virus 1,'329-347,ENGKISRLRRECPSDECGAGVFMASHF,27
AZP57164.1,4004,Bovine viral diarrhea virus 2,'1618-1636,EHHHHHHSSGVDLGTENLYFQSNAD,27
AAK69175.1,991,Bovine viral diarrhea virus 1,'279-297,GRQRATPDAPPADLQDFLSRIFQVPPG,27
AAC77906.1,1019,Bovine viral diarrhea virus strain Rit 4350,'279-297,ENGKISRLRRECPSDECGAGVFMASHF,27
AZP57162.1,4017,Bovine viral diarrhea virus 2,'1629-1646,ENGKISRLRRECPSDECGAGVFMASHF,26
AAG13365.1,411,Bovine viral diarrhea virus 2,'185-202,GRQRATPDAPPADLQDFLSRIFQVPP,26
AAG13364.1,334,Bovine viral diarrhea virus 2,'120-137,GRQRATPDAPPADLQDFLSRIFQVPP,26
pdb|4TPL|B,377,West Nile Virus NS1,'8-22,GRQRATPDAPPADLQDFLSRIFQVPP,25
AZQ00651.1,4028,Bovine viral diarrhea virus 2,'1644-1652,RTITLEVEPSDTIENVKAKIQ,25
pdb|5K6K|B,376,Zika virus,'5-20,TITLEVEPSDTIENVKAKIQ,24
pdb|4O6B|B,376,Zika virus,'5-20,GRQRATPDAPPADLQDFLSRIFQVP,24
CAJ78439.1,580,Bovine viral diarrhea virus 1,'252-267,AHHHHHHSSGVDLGTENLYFQSNA,24
AAK69183.1,357,Bovine viral diarrhea virus 1,'74-89,AHHHHHHSSGVDLGTENLYFQSNA,24
BAW33237.1,4261,Bovine viral diarrhea virus 1,'303-318,ENGKISRLRRECPSDECGAGVFMA,24
AAG13368.1,371,Bovine viral diarrhea virus 2,'148-163,KISRLRRECPSDECGAGVFMASHF,24
pdb|4UT9|D,425,Dengue virus 2,'406-420,MGSSHHHHHHSSGLVPRGSHMG,23
BAW33238.1,4261,Bovine viral diarrhea virus 1,'303-317,GRQRATPDAPPADLQDFLSRIFQV,23
pdb|4B6F|B,683,Hepatitis C virus (isolate BK),'5-19,DITEWAGCQRVGISPDTHRVPYHI,23
pdb|4A92|B,666,Hepacivirus C,'5-18,EGKPIPNPLLGLDSTRTGHHHHH,22
pdb|4B75|B,666,Hepatitis C virus (isolate BK),'5-18,GRQRATPDAPPADLQDFLSRIFQ,22
BAD04935.2,2913,Bovine viral diarrhea virus 839cp,'203-216,MGSSHHHHHHSSGLVPRGSHMG,22
AAG13370.1,250,Bovine viral diarrhea virus 2,'64-77,EAMNTMMCSRCQGKHRRFEMDR,22
BAQ08203.1,4020,Bovine viral diarrhea virus 2,'1645-1650,PEDELNPFHVLGVEATASDVEL,22
AAO86641.1,756,Bovine viral diarrhea virus 1,'262-275,MGSSHHHHHHSSGLVPRGSHMGS,22
pdb|5MZ4|B,752,Hog cholera virus (strain Alfort),'5-18,MSYYHHHHHHDYDIPTTENL,22
SOF02001.1,4039,Bovine viral diarrhea virus 1,'1593-1681,GRQRATPDAPPADLQDFLSRIF,21
pdb|3LKZ|B,321,West Nile virus,'5-17,KEDTREGGRRDPRSPGRHRLGR,21
SOF02001.1,4039,Bovine viral diarrhea virus 1,'1670-1681,MGSSHHHHHHSSGLVPRGSHM,20
CAJ33634.1,421,Hepacivirus C,'5-16,HHSSGVDLGTENLYFQSNAD,20
pdb|4O6D|B,377,West Nile virus,'11-22,RAPCPSQRKENSPRGSRRLL,20
QCC89294.1,3405,Iguape virus,'23-34,RAPCPSQRKENSPRGSRRLL,20
QCC89293.1,3410,Iguape virus,'23-34,LEHFTKLRPKRNKKQQPTQ,20
pdb|3AA0|C,21,Hepacivirus C,'6-16,MASHHHHHHHHHHENLYFQGSK,20
AZQ00651.1,4028,Bovine viral diarrhea virus 2,'1536-1546,HHHHHHSSGLVPRGSHM,19
pdb|4CBM|D,516,Classical swine fever virus,'5-14,EAMNTMMCSRCQGKHRRFE,18
CAG70345.1,2903,Bovine viral diarrhea virus 1,'518-527,MASHHHHHHHENLYFQGM,18
AAB19180.1,309,Border disease virus,'70-78,TEWAGCQRVGISPDTHRV,18
pdb|4CBH|D,516,Classical swine fever virus,'5-14,PPEPRRFPRHGPLSRGE,18
pdb|3GCZ|A,282,Yokose virus,'5-13,PPEPRRFPRHGPLSRGE,17
QCC89294.1,3405,Iguape virus,'6-14,AENELSRSVNEFLSKLQ,17
QCC89293.1,3410,Iguape virus,'6-14,AENELSRSVNEFLSKLQ,17
AAB19180.1,309,Border disease virus,'70-78,YNIQKESTLHLVLRLRG,17
SOF02001.1,4039,Bovine viral diarrhea virus 1,'1717-1725,GRQRATPDAPPADLQDF,17
AZQ00657.1,4019,Bovine viral diarrhea virus 2,'1645-1653,GRQRATPDAPPADLQDF,17
AZQ00648.1,4019,Bovine viral diarrhea virus 2,'1645-1653,RRRRRSRSRSRSKGG,17
AAO86641.1,756,Bovine viral diarrhea virus 1,'207-215,SSNFCHHCTSPALGEDE,17
AAD44045.1,357,Bovine viral diarrhea virus 2,'278-286,LEDGRTLSGYNIQKEST,17
AAD44037.1,318,Bovine viral diarrhea virus 2,'222-230,KEGIPPDQQRLIFAGKQ,17
AGZ86132.1,317,Hepacivirus C,'71-79,MGSSHHHHHHSSGLVP,17
pdb|5T1V|B,273,Zika viru,'5-12,MASHHHHHHHENLYFQGM,16
AHH29574.1,3024,Hepatitis C virus genotype 6,'805-812,LWPLLLLLLVLPPRAL,16
QCC89291.1,3402,Iguape virus,'6-13,PGAPAGFSGIGRVTAL,16
CAL46779.1,448,Hepacivirus C,'347-345,MGSSHHHHHHSSG,16
CAK52342.1,247,Hepatitis C virus subtype 1a,'181-188,PVDKLAAALEHHHHH,16
CAK52333.1,247,Hepatitis C virus subtype 1a,'182-188,RENLYFQGLEHHHHH,16
CAK52330.1,247,Hepatitis C virus subtype 1a,'182-188,PLPPPQPPPVPPPRKKR,16
CAK52316.1,247,Hepatitis C virus subtype 1a,'182-188,PPPPPRPPPPPPPPG,16
CAK52108.1,247,Hepatitis C virus subtype 1a,'182-188,EVYESEKDEDGFLYT,16
AJL98573.1,448,Hepatitis C virus subtype 1a,'347-345,GRQRATPDAPPADLQ,16
AFP19945.1,444,Hepacivirus C,'347-345,MGRGSHHHHHHGMA,16
AVM87554.1,3402,Hainan oriental leaf-toed gecko hepacivirus,'229-235,PLPPPQPPPVPPPRKK,15
pdb|3ZFO|A,164,Pestivirus strain D32/00_HoBi,'153-159,PLPPPQPPPVPPPRKK,15
pdb|2YOJ|B,585,Hepacivirus C,'574-580,PLPPPQPPPVPPPRKK,15
ACT37069.1,94,Hepacivirus C,'83-89,PLPPPQPPPVPPPRKK,15
AAB72082.1,932,Bovine viral diarrhea virus 1,'696-702,PLPPPQPPPVPPPRKK,15
AAB19179.1,291,Border disease virus,'166-172,PLPPPQPPPVPPPRKK,15
pdb|3RVB|A,493,Hepacivirus C,'5-10,IPLLLLLPLLAA,14
pdb|4OKS|B,464,Hepacivirus C,'5-9,QTRSRSRSRRRR,13
ALU58308.1,2943,Equine hepacivirus,'2930-2933,PLPPPQPPPVPPPRKK,12
AKA20768.1,2772,Bovine hepacivirus,'14-17,PLLLLLLSLPPR,12
AET41924.1,3010,Hepacivirus C,'799-802,PLPPPQPPPVPPPRKK,12
,,,,,
^ - Clusters with amino acids repeats (AARs) that are non-tandem,,,,,
